0	2024-02-08 19:07:14Z	Sorry, planned but not yet available
1	2024-01-25 17:57:09Z	What is Knut
2	2024-01-25 17:57:09Z	Coding style guide
3	2024-01-25 17:57:09Z	Contributing guide
4	2024-01-25 17:57:09Z	Deployment strategy
5	2024-01-25 17:57:09Z	How to read the documentation
6	2024-01-25 17:57:09Z	Typical usage strategies and tips for a keg
7	2024-02-02 17:08:42Z	Knut CLI usage
8	2024-01-25 17:57:09Z	Release strategy
9	2024-02-02 02:23:09Z	Commit Message Guidelines
10	2024-01-31 19:11:42Z	GitHub configuration
11	2024-01-25 17:57:09Z	KEG specification
12	2024-01-25 17:57:09Z	What is a keg
13	2024-02-02 17:08:42Z	Managing chronological information with index
14	2024-02-05 19:13:05Z	Knut plugin architecture
15	2024-02-02 17:08:42Z	Fuse search plugin
16	2024-02-02 17:08:42Z	Configuration management for knut
